niveau_etudes,experience,ville,secteur,surface,salaire,loyer,prime_anciennete
5,3.0,1,1,15.648567022349207,61308.010712441304,202.13768168817577,4139.409313742909
4,0.0,2,2,90.72240754226841,66402.08496605551,1179.7875131731919,3091.4811230965656
3,3.0,1,2,86.04346864068086,47042.133447853674,801.6416564072863,2776.445237757023
2,11.0,1,2,83.9746522421961,53312.90813200206,784.0118375990612,2981.8837820872786
2,3.0,1,0,87.17857524289929,36547.02772988365,812.7864768655305,1947.1942104962634
1,2.0,0,2,76.55774215694072,27324.682090268514,650.5755645484733,1003.2680171529335
1,8.0,0,0,27.104290073244016,27404.003547534157,180.5727475615395,1866.8899747144328
1,20.0,2,1,85.26639084990539,57032.954242167085,1125.9908538952764,3362.8937321230087
1,16.0,1,1,15.692844996974005,43575.243671976474,149.34754910598022,2856.015975740097
5,8.0,1,1,34.19850229024357,64505.33766348627,335.1876648844154,4610.018182914221
4,29.0,0,1,59.192232545511565,69122.84115463981,534.0065957201194,6588.918981749127
5,21.0,2,1,54.72878494290874,95963.3249118975,681.515086706939,6661.130917407065
3,19.0,2,0,27.49134205352435,62542.72087340738,418.35832213100747,4783.079464735414
4,29.0,1,2,59.83054842418817,93673.78621950149,517.9951584972596,6815.962120260949
5,24.0,0,2,80.47981058045094,82172.8059340162,610.8479368861474,6942.870301603885
4,3.0,2,1,54.63366031090557,68457.66603877963,636.1751958555259,3389.2926395377144
4,1.0,1,1,89.39244574510445,48475.6379448322,828.2962037910073,3564.5129064681614
3,26.0,2,0,39.24682001471909,64380.10292758963,525.6745800768733,5248.082225157346
3,12.0,0,1,30.101653588446965,48803.31813244632,270.32239130612095,4037.1515584847475
5,1.0,1,2,93.63448367129108,58265.26674001012,911.162055383354,4116.7249737518805
2,14.0,2,2,85.21645362501576,70181.31122565405,1101.454284866816,2985.469155142667
5,11.0,0,2,60.083922795950066,64494.8252186658,433.73830329930166,5240.768239889274
4,13.0,0,0,29.36056490585987,44849.176765362696,181.81124592982817,5000.750349303413
1,13.0,1,0,84.68679262954261,34707.41927269186,825.148809543089,2242.3196660338986
2,9.0,2,2,93.7453537422525,62373.30877285972,1253.8528069930721,2437.8795206371346
5,15.0,2,0,32.213978586821725,78672.29915207984,397.7735354967292,5742.241943248239
3,15.0,2,0,87.37668237766934,63662.10329728003,1067.6791497705551,4036.385008291689
1,30.0,1,1,52.34189407008752,54187.81275716512,441.150963962847,4149.880004154282
4,21.0,1,0,111.08745456341671,56433.129080126055,1039.213495224243,5807.507550445394
4,24.0,1,2,93.91166719888109,87402.17013252585,964.7337579960212,6239.634461519561
5,0.0,2,0,43.741772874506616,76350.22025910123,551.5851112923883,3889.6537165617756
1,9.0,0,1,113.49276356196943,33778.416083425815,866.4243735334975,1984.724584728977
1,30.0,0,1,17.649439390986622,52141.89564076974,116.81668136131579,4322.594597016096
5,8.0,2,0,34.40652152023182,76834.68658426954,421.0616766068412,4940.057174168636
1,15.0,0,1,40.39981197044918,36791.34876534933,333.82303237246157,2624.680482198514
3,26.0,0,0,91.86840875383785,44223.11059983205,708.5466118876818,5818.656708278403
1,19.0,2,2,70.24764320267026,66037.50197810243,863.5722500073326,3181.511773034406
2,27.0,0,1,63.75941782887696,53975.585240728295,502.55466324929665,4640.177378292023
3,5.0,2,0,38.36600057107927,60299.67736708343,509.83162029366355,3103.1658471499995
3,15.0,2,2,94.42904658775917,80575.17196002518,1237.3735470404715,4155.762345952653
3,19.0,0,2,27.296172845417253,63119.071447267714,240.3906634140259,4586.7279182184775
1,10.0,1,0,40.97082814250986,32061.909554030455,375.0200729812693,1832.047728496002
1,17.0,0,1,99.6678335553725,38381.59554733519,729.5395877219082,2834.7479474887155
1,30.0,1,0,62.359983768939664,35977.21146115682,566.7151984667413,4387.973512942664
1,22.0,1,1,107.06586234295894,46904.9162249969,1039.1955342234478,3359.5635270911043
4,9.0,2,1,78.17473094438688,75730.43330565137,947.2911446677556,4001.770531180347
3,1.0,2,0,97.9021879306301,57857.82944100966,1263.252774431378,2178.5655413860954
4,5.0,0,0,34.677343657557714,43508.147712837635,253.819711293368,3825.596898402931
2,8.0,0,1,48.20329610602901,35480.68642819137,362.3398107081087,2595.64095069125
4,27.0,2,0,54.55413543907167,75024.10567501864,743.073213941005,6876.625737470408
4,8.0,0,2,66.89091661761364,52444.248588376366,543.8766381360522,4124.26739812738
2,25.0,0,2,64.60903757014069,66110.40924965005,571.6825474741846,4804.284815834322
3,8.0,1,2,101.35894654615954,54952.30986481434,935.4757673246231,3599.040744463845
5,20.0,0,2,33.18500585076447,75924.91432301926,310.7096944913496,6387.786648921751
5,16.0,2,2,104.40602103611347,101803.90089955067,1372.7602856719368,5935.360200687515
5,29.0,2,1,108.349860885058,106630.32427690936,1267.0781081341534,7394.031252544448
2,17.0,0,1,22.929498733915253,45988.23487363611,179.90516140054024,3995.03184215686
4,28.0,1,0,15.985988810224146,57235.64529150674,215.15446893509562,6258.313565748883
5,29.0,1,0,45.7390621460512,65893.22172877277,470.2172918488113,7472.070770272459
4,23.0,0,0,57.07820061496425,46566.84308462664,438.9727586569959,6236.82459882073
5,19.0,1,2,116.89718770859325,85533.57542806167,1112.9013863756222,6258.463987333285
4,26.0,2,1,22.497902690615692,91360.97090335407,235.85120319039297,6205.812500044273
4,30.0,1,2,97.03705284897164,96284.07714927866,939.8074069525368,6846.57652738904
2,7.0,0,1,64.91962012671152,34752.385869212354,447.63007776467407,2545.397602536513
5,17.0,0,1,28.636720101179137,63748.71848022994,188.481491049987,6153.488614737295
1,4.0,1,1,53.438432410419146,34134.61203750817,557.775525558643,1336.3286629870913
3,3.0,1,2,54.99464774349562,50332.63737764864,527.126016582545,2910.018223939548
4,20.0,0,1,40.57511253172531,58948.80767595193,310.0638582986123,5789.140211199734
5,1.0,1,1,45.90819454000737,57203.69998188107,436.48222266201304,3898.623417524169
3,22.0,0,1,59.091477276270375,55881.623803680595,582.407578709651,4964.22163495047
2,25.0,1,2,116.0374464660492,69107.86474114742,1155.3670057043998,4773.938265249072
2,5.0,2,2,63.18035974306621,54703.44899827367,777.6829497274227,2297.724004896112
3,21.0,0,1,114.76417627179333,54493.537546031825,984.7834001939608,4966.920021669669
3,12.0,2,1,18.20586751627333,67710.98701869317,229.48330669195644,3974.4957784236476
4,27.0,0,0,21.94157715018805,47724.19015775622,205.12129453594292,6630.430746940172
5,28.0,1,1,17.92067015071327,82431.67333840553,148.57321533618168,7188.390588186643
1,17.0,2,0,84.9241870175472,42335.08706991648,1049.5153542918838,2594.611117571245
5,17.0,0,1,38.12443256694849,64436.22458768718,337.07196698581856,5809.263707863045
3,22.0,2,0,75.5241190357701,62822.28777386586,935.9532536831982,5411.734825827238
2,17.0,1,1,98.51344423856958,50876.482305358135,914.476340070342,3429.113485350412
4,23.0,1,1,49.840461459142894,70750.5781123224,514.38180197414,5913.082575490998
3,6.0,0,1,40.79613673445411,42251.35713198678,279.8863326878486,3082.9043401830368
2,24.0,0,1,91.16790164976037,47781.143099450885,672.5731331281731,4686.212033041808
2,16.0,2,0,64.96926829645489,52289.062596306,853.4088100486224,3172.335780219805
4,23.0,1,0,30.667065335176563,58439.42272391052,216.00856222998246,5952.146357809319
3,16.0,2,1,24.181737334317305,71457.46764416015,279.45721161254306,4562.877669369738
3,9.0,2,2,92.40258761963916,68809.59455041809,1168.1272770513601,3702.9799524381206
2,2.0,1,1,105.3432951622871,38289.897258875935,957.4833539604743,1921.8623988872996
4,16.0,2,1,108.48801821976885,82105.03035936526,1343.9510123568252,5067.812182524013
2,30.0,1,1,68.55934578589388,62594.26591206401,684.8046366819792,5551.536689327004
2,1.0,0,2,31.112729468287952,29760.306439062406,260.5999583911861,1385.6105646961978
5,17.0,0,1,38.694028289240194,62188.98728170938,271.7237675819076,6236.19705504237
2,13.0,1,1,62.62000834719819,47229.36523659536,622.3315027745062,3261.635577729173
2,0.0,0,1,104.44502422858943,28686.70071636257,896.3313314691421,1718.2073368815354
4,16.0,0,1,83.27072897770321,53519.73247747058,614.8691194242681,5173.16176604823
4,23.0,1,2,43.79173048009904,83746.06980160325,422.8508444026335,6001.0360294894
1,22.0,1,0,94.37355736350383,35307.384098292336,985.0522045909461,3626.1575991604436
1,30.0,1,1,60.72121840866407,55039.409899062666,607.3700922851119,4169.3910422698755
2,16.0,1,0,118.19021424538735,40686.640741292395,1167.161461719746,3270.689610890974
5,18.0,2,2,60.01634943590456,103925.48696844438,760.2031659595723,6192.490647068765
3,29.0,2,1,102.90561663487236,85044.86325054648,1285.2733426808616,5890.4301583364495
4,9.0,2,0,16.526871292907035,73205.73618517733,257.27882034430456,4312.732032467941
2,24.0,0,0,90.41323283478266,38297.66826018961,749.4548604447425,4798.0865967010395
2,5.0,0,2,56.84023649241577,35393.507180176755,452.66096452991803,2084.1381292880715
4,11.0,1,1,67.39597733893265,56314.582579046546,628.3879534608202,4670.263752228153
5,20.0,1,2,35.87670903838578,87458.30674699604,274.50739763173897,6476.889540748036
1,17.0,2,0,112.59870894133384,43607.082652886944,1447.4997236138336,3313.312480468097
1,6.0,2,0,35.96272640502468,38457.190041248134,432.654387401766,1239.5626697002153
4,20.0,2,1,73.96660392789006,85608.0482058031,941.4983595417508,5490.79857633365
2,17.0,0,0,77.72129047556433,33949.5906181968,648.6093391746514,3548.6419931934315
3,28.0,0,1,105.13655986644872,61804.004599172455,873.892587159734,6024.120579320826
1,18.0,0,1,63.99998666698904,39711.72274054226,540.759932097749,2796.0162858328235
5,27.0,0,0,102.13858452189962,56696.193886086956,907.3112494634079,7571.588599903267
3,29.0,2,0,70.00913924382499,63685.20720884185,942.7217234881658,6199.621662626938
5,2.0,1,2,115.41513923937498,59942.29968735105,1078.1422096670917,4413.122530178787
4,2.0,2,2,90.2438225418882,69977.10599029118,1122.388851594274,3527.4752080453973
4,15.0,0,1,110.7710524033216,53362.687912350106,979.2944482101321,4688.764362212679
2,15.0,1,2,113.94785589240873,61323.5073873401,1067.3663702354072,3436.4299013756686
4,17.0,0,1,99.23584641339616,56488.839881856715,792.1213576058427,4953.865668252328
1,23.0,0,2,27.84859239252821,60584.95759351256,292.58310265048004,3487.4747220776985
3,9.0,2,0,28.065002814606686,59303.48686331994,427.8446710067893,3520.620146659273
3,5.0,2,1,79.70538378119038,61755.04326677849,1018.0436312327298,2938.22572420616
5,21.0,0,0,43.47670169000642,56075.85286756503,357.4913367816065,6710.161124441822
1,12.0,1,1,55.44099404375861,40055.74026754169,466.8291707368558,2214.1647705740693
5,28.0,2,2,33.251958545480875,119088.0815254348,389.29112136127173,7050.283555945764
1,1.0,1,2,95.0280246213407,30698.915172264326,897.6586711604837,707.9885547938622
4,21.0,2,0,104.72225888278244,71450.7631856387,1340.2185069200686,5465.21832197668
3,22.0,0,1,28.94448584175026,55215.6697895428,218.62306769171892,4976.713924446813
5,8.0,0,0,69.26766836022364,48965.33151917745,560.2331061448184,5209.5169714039575
2,2.0,0,0,56.47635764974663,30896.120478471472,539.5189217537896,1941.1492096293225
5,9.0,1,1,97.951608387984,64884.002804394746,958.9090749606074,5147.90189431594
4,12.0,0,2,63.82419151842511,59933.911317750375,522.9418196575919,4382.92372136947
5,30.0,0,2,91.73495016055814,92884.06115510859,733.9526555201218,8073.832770598039
1,27.0,1,1,74.44090704083771,53045.44442264248,707.7564033920511,4034.347367562317
4,7.0,1,0,117.71605197205251,52447.879317132705,1179.391882940094,4523.382533966434
5,14.0,0,2,59.061472974534446,68021.4328404246,432.84132656765576,5506.5157107395
1,18.0,1,1,118.70544131430765,43418.995806665196,1134.549055614711,2846.4307038927964
2,28.0,2,1,58.621051245779164,72203.46553596956,706.5183667025967,5479.932298053401
4,4.0,2,1,34.18020839603493,72407.30751096547,440.9918555461828,3465.001204148852
1,23.0,0,0,97.11851134592806,31461.24270969728,781.7101036567697,3643.741164138376
3,28.0,2,2,43.530495247081674,100480.43304088802,594.0105994871682,5692.358945104387
4,28.0,1,0,74.40424673768086,60869.95187445652,762.1872335143958,6397.317532061798
4,8.0,1,1,82.8315833885893,55830.853600240254,821.7057738624635,4592.215919323591
5,3.0,1,1,35.966112106066035,61064.928632222734,410.16504770184815,4159.173789837873
3,18.0,2,0,18.612728246192578,61387.38884219588,301.7830522701774,4739.487000319453
3,2.0,0,0,118.63850107379554,36098.501101699665,961.7223561125696,2860.8625194967626
3,4.0,1,1,100.82596502318017,47526.35976415598,982.863138727543,2677.639708904905
5,2.0,2,0,27.98905177074509,79821.51790070464,280.8085949974652,3860.554941829128
1,6.0,1,1,104.03679016293164,33026.75258628722,1011.5629137532459,1163.8720205472591
3,26.0,1,1,42.10367118391894,66457.80561960924,403.99158121050806,5360.083306438457
1,20.0,0,0,40.964897740774234,31734.355205932377,260.1793734508542,3244.5329337505023
3,19.0,2,2,96.12471679023206,83865.28782095194,1213.1409336412985,4747.088426100762
5,30.0,0,0,94.52301129749782,57543.16937205984,794.4810490508659,7562.1906851667345
4,15.0,0,1,103.82552111286428,55037.58277440317,781.0531958502407,4978.938683069841
2,1.0,0,0,29.34846082809917,28977.457542794917,286.5057332121817,1914.8094716759842
5,5.0,1,0,93.49654839863399,59319.94623461041,916.5588373764054,4753.630595680635
4,8.0,1,1,64.33150679868665,58492.38879277024,608.44694165765,4235.750845028336
5,20.0,1,2,49.217757853375474,86231.85035651068,466.79738390525574,6276.6065763786255
1,11.0,2,1,92.10180214263528,48869.984672770115,1212.1001515957137,2275.5145557899955
3,9.0,1,1,103.74002350061116,51560.05498443015,938.6484544254416,3516.2419354843314
5,3.0,2,0,48.85837954413312,75837.28004099593,707.0177357607816,4210.432970557818
4,22.0,0,2,31.255213449348506,77330.11930041018,217.50492641340895,5724.620824590927
3,0.0,0,2,119.12689542505825,37634.854004730216,922.4038337225825,2645.729551687442
3,14.0,0,2,111.5149488699793,55710.109878166324,940.9503188474058,4449.076392516671
3,23.0,1,0,45.433320730683924,49220.05367590373,467.76197241503485,5054.054653513906
3,15.0,2,2,100.51350233996483,81256.17035062135,1339.5884977775424,3784.386369133559
2,21.0,0,1,24.417788332720587,48156.82642892569,237.1815496163439,4237.492743398672
4,24.0,0,0,110.81732028263374,46440.422092166074,901.5943994129946,5899.347434759293
1,6.0,1,2,96.3384847028254,39373.32316860109,873.7940872822002,1666.499632165235
3,2.0,2,0,35.670627049855284,58213.17213444866,437.6704298366009,2564.808544459672
2,1.0,0,1,46.047160934758416,33760.539286447376,376.31486206293636,2165.9196959645474
4,17.0,2,0,77.53325975830492,72836.20068475348,991.7384220878894,5262.448901068159
4,8.0,2,0,52.354554744296266,69886.48873407452,588.0269878996874,4340.570140222719
4,6.0,1,1,92.30455067448273,60111.750722091194,927.8999008492336,3676.9892537432165
5,22.0,0,1,77.19810128111934,67542.19898107286,686.8305087278131,6076.141712313845
5,25.0,1,1,36.73800851963891,78672.27635268468,411.2486897362119,7027.066223680484
1,29.0,2,0,79.06149853781744,47443.79696935387,971.2727962249883,4332.39261802037
1,15.0,2,0,16.476203940635745,44603.6323545316,228.33408162967928,2744.059927121779
1,16.0,0,0,26.733520606819646,27052.319783720355,128.80824147116027,2609.237709269024
4,30.0,2,2,31.926820796198424,110837.60233604182,476.26403187066154,6541.6322990712415
5,15.0,1,0,52.13615976203846,62774.665647564645,422.91205732441676,5479.900924830319
5,5.0,2,2,16.250522525806872,79503.98191247456,224.4270388602161,4710.628182940933
4,7.0,2,0,112.64028998468622,67660.98201302654,1488.298899348908,4182.058185218762
5,29.0,2,0,40.14844032458744,86693.2261236631,565.5529053919487,7304.848334320747
5,1.0,2,1,43.41704779673097,76819.89012577035,569.4970323866727,4014.3930759431687
1,24.0,2,1,54.442444199051685,57560.27530096342,639.8372837835919,3534.3629115503486
1,20.0,1,1,113.7775651514864,49688.34998764396,1088.217593732498,2820.958503423846
5,14.0,2,1,51.941029560543996,87284.1972640901,654.1124394075653,5719.823121743303
1,25.0,1,1,60.26894990148271,50514.95167956014,593.316285416112,3969.203223322839
5,25.0,2,2,46.34326361275708,113740.90275106396,632.7036136039205,6955.330057853691
5,13.0,0,2,117.50572868043834,67624.71659096655,966.5274647358385,5275.505539069877
5,18.0,0,0,53.310008611061285,52845.74219714408,511.3447311952718,6120.335623309953
2,23.0,1,0,23.77142920391134,42778.55238214933,254.6477545624375,4632.8845381246865
1,20.0,2,0,84.08815139510305,44486.24186861386,1060.7756375250838,3625.981212346573
3,15.0,2,0,90.24351667512501,61969.98535685037,1220.3161955280075,4253.819427852253
5,28.0,0,2,54.08530754047699,90139.91076103986,420.10133772602944,7202.211794260833
2,27.0,2,2,37.19544132223818,84931.61146827546,487.3761893628243,4442.8849079125375
5,2.0,1,1,57.9714023742757,60061.597046651346,563.7565798475908,3930.81278115296
2,16.0,2,2,61.10216210379819,69893.31495302844,690.3784205962074,3502.222489962655
5,25.0,1,2,119.50647935572542,91850.03173315641,1158.3349999519353,7045.153086040483
2,2.0,2,2,105.13570918318966,53072.02185973681,1357.3146756848514,1891.3279848826348
3,11.0,0,1,80.19543433409488,43971.727081201345,633.1752724738639,3667.404506910652
2,15.0,1,1,35.361384526166745,49769.80365893131,333.8178124408328,3091.3555790478144
2,10.0,2,1,87.23102474584857,55841.15776940268,1065.1809770059879,2484.7088140541064
5,21.0,2,0,94.69489523961667,82082.30067619433,1215.3931914206137,6549.464872864837
5,30.0,0,0,22.915817562906508,57725.482152873235,243.44355995932654,7435.0864236039115
1,11.0,0,2,54.84608425372649,38927.66256121274,431.67789130937257,2380.9671083087874
5,24.0,0,0,49.31901874230993,55759.01141312248,373.6671198790566,6588.217449298857
5,3.0,2,0,74.895288874204,78271.03871436452,934.3505417974071,4697.419584734109
2,15.0,0,1,83.57058792867024,45246.67187090422,749.2482197568552,3266.70076355488
3,0.0,1,1,34.04571778077794,42695.680169254425,272.6291511403857,2444.6378002729416
3,13.0,2,0,64.31424079194,63069.873380046316,857.0202728303062,4004.632385860801
4,0.0,2,0,119.17762808626894,69781.0420601131,1529.9301117101097,3131.198490028233
3,27.0,0,2,16.664527118874283,78880.0234191307,210.15207388927365,5237.303431074437
1,30.0,1,0,53.95432924204887,38679.115435187094,570.4121775590305,4303.5209227164305
5,2.0,2,0,50.10280870491201,78073.74910789351,637.7832303843932,4544.492039206797
4,25.0,1,1,57.58621710236769,77174.18244108891,491.16893867968275,5943.84134498773
1,21.0,0,2,106.26534013009156,58848.26393819634,907.3083147716088,2951.578170539213
5,9.0,2,1,61.02202902144476,83750.07407383683,839.4037181802673,5036.225300607415
4,24.0,1,1,107.72319015707976,73385.41355441744,989.9465457272273,5997.522586918083
1,29.0,2,2,75.43168351817505,82802.93884809535,995.334888920846,4021.4316483866714
4,24.0,2,1,59.58485796813651,88908.40119224747,730.6555200377715,5929.485457046647
3,21.0,1,1,41.491824204063306,62329.96844718323,367.27390010442343,4823.78418341256
1,9.0,2,2,101.4794548087712,52631.67766869347,1234.5644847748295,1797.4251073069527
5,18.0,2,2,82.64105439034387,105206.0377159944,1095.1217052963739,6192.554764472257
4,24.0,2,0,37.28373733762673,74728.15479247745,488.07697496559456,6221.332650464533
2,22.0,1,2,28.657401812783768,69509.69057183964,294.89104663105707,4317.414981034509
1,6.0,1,0,28.170289508581064,32688.210471213963,328.5337767514485,1588.3497470463603
1,12.0,2,2,110.45255609917704,56876.58036514105,1440.5377035332056,2576.02859110598
4,11.0,2,0,57.356111447586116,71317.53372256963,757.5407368025478,4739.060645001058
1,21.0,1,2,101.13231840790036,61785.34514486915,1000.84121187851,2737.4319693015095
3,12.0,2,0,109.01301973977657,63649.893624087636,1352.7837789009252,3767.3676312744683
5,13.0,0,2,38.764970018399836,69340.5613938006,308.741154762571,5244.68996189661
5,16.0,2,1,18.420096730534155,91765.82242924033,187.5267759649872,5782.172707172565
2,17.0,0,1,33.935289087296695,45611.723180964094,235.48578827404714,3794.214772968616
1,3.0,2,0,96.16276409441615,37464.59463322288,1227.2107203487662,1119.7627751848497
3,28.0,1,0,16.61838349272201,52038.09381615533,202.0119862571188,5674.32214733968
5,12.0,1,2,74.23386630187532,74044.24536008126,794.9736770539614,5703.394305908303
4,5.0,0,0,35.08301038674492,41963.94083772636,237.25635657825825,3499.244411677444
1,0.0,1,0,95.4993716499246,29775.763391203578,923.7271844936154,781.2371299760629
4,13.0,0,1,65.33444812509276,53549.13422463637,519.8391675524965,4869.75177176864
2,23.0,1,1,72.65339360306055,57408.31424404405,718.5620034862969,4364.826940915738
2,9.0,2,1,45.807866974529766,55159.555323933004,609.6370925663398,2447.3449577693914
3,26.0,0,1,62.94074288830441,61201.80601121424,518.0227896782725,5515.486487337459
5,6.0,0,0,19.799823309308817,50015.65827008435,119.71152477657142,4881.502435073925
5,4.0,2,0,99.99956294234163,79781.59249055042,1295.781422580086,4551.449994646554
1,12.0,0,0,110.28738695449407,28610.160735272737,917.9921641590635,2303.5382851489717
3,21.0,0,1,94.02798957042847,55147.87355789799,731.6882832655676,4981.489605907024
4,9.0,0,1,67.04033860702441,49382.208883333915,615.4493057998168,4307.038338362208
2,25.0,1,0,103.59735669162282,43547.26136647329,985.1380969617028,4351.747839523271
2,0.0,1,2,15.401191958911475,37242.01572822993,122.49703489376652,1538.1795627196475
2,30.0,1,0,84.92552773376214,46046.48660123094,827.1402277804337,5286.167538601798
2,1.0,0,1,95.57552131813277,29106.623021244388,754.3005911794784,1097.0981594898476
5,26.0,2,2,49.29890490518836,117338.52307911892,576.3390702221917,7271.435593169565
2,0.0,0,2,104.94002754911767,29679.138087787338,838.4739489320226,1667.4848924250787
2,13.0,2,1,15.019950168771068,60922.895581505814,256.0834597962059,2943.16405781717
1,9.0,2,1,81.37262220105693,45453.76760788416,1121.6708568711222,1730.7299800111475
1,30.0,0,1,46.60751800296463,51956.782931484864,350.17848560408817,4359.231740735266
4,20.0,0,1,81.00593199481601,58805.112175760696,684.2584401042006,5682.6869918347265
2,30.0,1,1,41.3926592527808,63194.03524748885,402.67070702081895,5125.194670624585
5,12.0,0,1,37.02688635912962,58352.95528992052,307.5705560591292,5673.400621592701
3,15.0,1,1,80.74684061458117,56271.641149710886,825.8645184285289,4282.6251224934385
5,15.0,1,2,67.17815616469889,79250.11913461363,678.993160312671,5642.6857188238555
3,23.0,1,1,34.66447227244835,63669.63135562424,338.95175044596385,5065.763616199187
4,15.0,2,0,108.04836764079161,69089.04796474877,1345.8693343747102,5045.515924699129
5,28.0,2,0,107.65059950867277,86514.89954010212,1332.9684400483775,7505.674806320465
1,5.0,0,1,72.70468252809584,29942.52988063258,579.0767358068742,1536.0030951020244
3,14.0,1,1,89.1400828913912,55135.83919072953,868.6893288560308,4060.481249665785
3,7.0,2,2,62.39560718062129,66030.3680611381,818.7906476023156,3269.8990095084405
2,26.0,2,2,99.15155325894114,86029.93609526959,1300.4186558494728,4714.979791722278
3,4.0,2,0,102.55490585950756,60221.42149454681,1351.8862001536206,3044.3979850529295
3,21.0,1,2,95.23676842480607,75638.28116007266,818.1499090079554,4722.751096738756
3,28.0,1,1,40.53062812455243,67949.46965862183,425.2316433168885,5880.568538557634
5,9.0,1,1,17.571288320788227,67045.91217021088,126.78645681634598,4709.519387386551
5,8.0,1,2,84.11657322058763,68037.77886550123,852.0818459079201,5050.206591833832
4,23.0,0,0,58.182057920759945,47981.045503363515,478.9222364837715,6011.242563132152
4,18.0,1,1,108.89738873696,67311.91087002524,1070.6373245862974,5359.925169617829
5,17.0,0,0,105.28399039240442,52956.13000544331,820.6348932110723,5613.47813393379
4,27.0,1,2,71.04396986949999,90016.1614512672,693.3281636018414,6753.344814019589
2,2.0,2,0,54.63163581882881,44831.8084042329,624.5964353053969,2019.6822290118007
1,8.0,2,2,89.86390179716231,51406.824501918025,1194.0678076718607,1765.0896666170866
3,12.0,2,2,89.48381802880242,76085.58272009596,1132.1593212230382,3931.7414661463094
2,28.0,0,2,86.63970377949151,69385.61650717288,589.5544184427205,4772.123569764241
3,2.0,0,1,103.45452570573524,38700.488529162794,870.0955477922508,2742.454630689743
1,14.0,1,1,75.6184514507068,41378.45436186212,793.0080829928808,2792.0174294242224
5,14.0,2,2,69.18456538322155,98218.25216606147,850.5172562490756,5444.382882057696
5,0.0,0,0,69.27535402877717,49417.789809864,602.7112276619274,4538.5514966129585
1,13.0,2,1,108.34296909203138,48990.16979257601,1356.799786333506,2272.614207960854
5,20.0,0,0,53.50886900990095,55070.3463213587,337.4101268818992,6565.481574588397
3,13.0,1,2,103.40116528009251,63725.781227975174,978.335487717715,3794.7778436356257
1,9.0,0,2,68.01340419460882,38642.27360889027,557.152691636588,1958.0811265606828
5,18.0,2,1,23.960589830779305,95453.93366745926,312.03759500908717,5905.212122201984
5,30.0,2,1,62.14310866782261,104788.10226413205,799.5757089279151,7468.201197280151
1,3.0,1,2,45.575621752816666,32457.66343449122,449.38288313753276,1114.2845440057392
3,8.0,2,0,70.42792968970323,62697.57663020782,910.1397265731171,3228.8356779173764
5,28.0,1,0,104.59753481021643,64339.03118159283,995.4948020397633,7311.714006601457
4,9.0,2,0,33.84283035814802,69205.91460846298,409.1329736581625,4475.190572749155
3,21.0,0,2,64.89858555066249,66053.2954334934,508.5566505034311,4664.582955879996
5,10.0,0,1,76.16273643219506,56845.85880068723,595.2349888112393,4960.849365302483
5,25.0,0,0,95.83113270758601,57123.328924815534,754.5321567232919,7009.411850980405
