x1,x2,x3,x4,y_add,y_mult,y_cond,y_xor
0.6369616873214543,0.8968012322637599,0.0061768287842781655,0.9409769625013746,2.231012399851464,1.6985379471123065,0.00816521633242235,0.4806829385914346
0.2697867137638703,0.5833200469234759,0.721165786116842,0.5506078812350768,1.9089485584100876,0.4169683240319408,-0.42528904907163223,-0.13754022357622703
0.04097352393619469,0.0402182209046007,0.6766044632445796,0.9216180188623789,0.8219456028117648,-0.022186072515141167,-0.6737583177732125,1.6926281136966714
0.016527635528529094,0.711486824117758,0.6569014499256771,0.3365589623455405,1.3709739919214308,0.03938889417636271,-0.21448443085336222,-0.8425779667633798
0.8132702392002724,0.5690258542633582,0.6874150023133265,0.76431977131766,2.855300305069703,1.4037863233455217,0.49718653458571,0.1587695089769197
0.9127555772777217,0.8259572221703992,0.5862642110184831,0.7637254583177344,3.207572780911448,2.2584897360106044,0.46455191307025157,1.0426175542293337
0.6066357757671799,0.5321604734743441,0.11527895307851443,0.5512789807712775,1.908353012203403,0.9592997492644488,0.061562860182770504,0.06034902740846909
0.7294965609839984,0.8132440953641924,0.6692037223800513,0.17378871872749102,2.8961139734317247,1.8064988061047715,0.10623931235771651,0.6097172598517326
0.5436249914654229,0.9970102930724918,0.006598523780704801,0.38620429566027503,2.1340851135546517,1.6667225692181684,-0.0008636196611743348,0.21908797952430192
0.9350724237877682,0.35055481136788813,0.18284287895470064,0.2908501182392267,2.4019128343169123,1.0173864053437294,0.10434189370059498,-0.41771109182564625
0.8158535541215322,0.1710214400206741,0.42087840519534825,0.9668786192650846,2.2322095070816834,0.33108989474410344,0.4726435561492903,-0.7959139475722472
0.002738500170148095,0.3916747994539028,0.37836938040865464,0.6446224609754608,0.8511070993978873,-0.01955245004787664,-0.25188561562133455,0.46265403448476317
0.8574042765875693,0.7530499898656764,0.1189651624145176,0.9090378367619917,2.5630570047524666,1.9722875747369362,0.056645455409582095,0.7737140874007836
0.033585575305464355,0.43922893185830647,0.42695760403988736,0.2961597696343873,1.0164441163164923,0.07002513528565102,-0.20201224576325344,0.14965552939073393
0.7296554464299441,0.5883801094292148,0.6236172436233424,0.42894005858578843,2.600835612943762,1.3219347843134566,0.15581550934584648,0.16261241111228694
0.17565562060255901,0.12735847192167105,0.377463431532434,0.5673723256985629,0.8148949599623979,0.08283126967415544,-0.2729601025697352,0.8912883364047274
0.8631789223498866,0.7261235109339803,0.7084994832867091,0.3547281833903093,3.0820612687653806,1.8376466888671563,0.20870874955169905,0.7358489522775685
0.5414612202490917,0.28008240186649946,0.23092209537827701,0.45649962715394876,1.5565878435404656,0.5160895038718342,0.10278907299798494,-0.09759489662433822
0.2997118905373848,0.19061756040401823,0.14382527227092345,0.599307057201131,0.9630107186102974,0.10341160448427382,-0.18022244204423749,0.5843810299047705
0.42268722119765845,0.8629499985831945,0.7488998444884865,0.028285974350577336,2.4941107387151793,1.1435617004221483,0.05030119827417234,-0.17140922863518604
0.028319671145462966,0.5644128211205941,0.6687281297620549,0.3398111548971746,1.3051190583472745,0.047133199891224734,-0.1740634907979707,-0.27066989547561754
0.12428327649956394,0.48449894234625035,0.4293706932947625,0.00022169971029817326,1.1757907867234083,0.10701263683176279,0.06216332656426494,-0.03639627193829897
0.6706244146936303,0.8988237652484845,0.13676728481771305,0.48253762200167294,2.3181735306180844,1.788511544419788,0.04035084964595237,0.4881917054040318
0.6471895115742501,0.08601243606100262,0.6636837393289772,0.6080006650804403,1.9777336068921667,0.2271866267767484,0.41572021796907854,-0.43554095850916036
0.6153851114812539,0.6961544503408927,0.7499557499262143,0.09299046006566758,2.6920749236039647,1.2557891686020783,0.022370514284098482,0.16500129472457828
0.38367755426188344,0.32798228976460253,0.16394265320782597,0.24209440214479672,1.326670400361495,0.31698820849356885,0.037800879665692046,0.08601191131448285
0.997209935789211,0.17540974998508108,0.6893017369301842,0.8039918210590137,2.840924620475451,0.5103215223703326,0.4935417056066278,-1.3023515644747128
0.9808353387762301,0.6747986499672789,0.3556370863817859,0.8402815598495977,2.9286784330720095,1.9446953394121183,0.27315401955821283,0.7570302445262532
0.6855419844806947,0.3628219508629361,0.915118614889683,0.38773325427036465,2.5723605108265173,0.6836590416617733,0.42599271234936353,-0.12315645654196539
0.6504592762678163,0.32989583249393584,0.7515396876083913,0.8142237305412268,2.3483214869072633,0.6656283009546713,0.7364120537316989,-0.22840430707915116
0.6884467305709401,0.9436777652291878,0.2737311702333963,0.27714025303214274,2.673279587712918,1.9889242319334666,0.07127560183519831,0.6842827542934423
0.3889214239791038,0.19929834067948615,0.938026319637804,0.7061082223134817,1.9047805313988773,0.20494761250165883,-0.6830598083265254,0.297849383997079
0.13509650502241122,0.512173657837735,0.02523275610463449,0.5454566236571144,0.7557022552843695,0.2337597595975112,-0.13911997079944094,-0.10949594000689689
0.7214883401940817,0.024013200671349266,0.18482401447839825,0.4400990789026624,1.6213403533296897,0.032624382139381444,0.1668634793572649,-0.8700503333688848
0.5253543224757259,0.16336809113695616,0.241902971147135,0.6564422761737766,1.4318024586703852,0.2524926920423837,0.1742044458926547,-0.08855126070865633
0.31024187555895566,0.8834187336335619,0.7320800833698843,0.01339067909718994,2.2492632388824427,0.8283905750288095,-0.1040000904949643,-0.5618519488246915
0.4858353588317891,0.7892475482526763,0.5261680305016215,0.1624434427083553,2.2540854737391,1.224997274506947,-0.04190470164391374,-0.05829176802169779
0.8894878343490003,0.5568354900539902,0.4643754078940663,0.2938234643879565,2.755689587912499,1.5112731256689655,0.16713845522597098,0.10722450565626888
0.9340435159562497,0.22245339599136027,0.2225333387721835,0.6805626097695981,2.3036729174488944,0.5733878009575397,0.13372788863777102,-0.9475280901084722
0.35779519670907023,0.5577475826213064,0.7564671103596112,0.7062353133613742,2.0532386026288694,0.624469679901496,-0.5621356051780132,-0.09779623696741409
0.5715298307297609,0.012146526113612555,0.11710640805159289,0.6807608241860267,1.3081647840211699,0.009766892529166174,0.11622772110448927,-0.3405634207703796
0.32186939107594215,0.7129936309379207,0.24734122040485584,0.7676171065637424,1.6316002343080207,0.6651544570476601,-0.17816608525039632,-0.3647953213874854
0.5943000301996968,0.7167506805637281,0.8063603195749761,0.07955156101373462,2.6888362140545663,1.235906785438031,0.08848890426360452,0.15236784938719852
0.33791122550713326,0.6460450235663548,0.451047464466092,0.1058889084153547,1.6881610881453737,0.653604583810454,0.013563812974664823,-0.11682521992255811
0.39161900052816123,0.6113386842752012,0.8768177365996089,0.8553511602621139,2.2314686147872833,0.715228911795832,-0.6903275706682473,-0.10526328201560325
0.8902743520047923,0.07371643262453753,0.601664104232256,0.3568377529611344,2.470133310530181,0.17677442963352127,0.2527221222652372,-1.277284090019247
0.22715759353337972,0.24640596905097556,0.789544646958382,0.5683712904835098,1.4235840388006213,0.09836159368072693,-0.41949027468176114,0.4412230676598347
0.6231871446860424,0.5743780480979319,0.18740327292912107,0.5035028057334142,2.0207865715482782,0.9884764326400015,0.030448837534469836,0.03136630204111605
0.08401534358238483,0.3941867660288976,0.31622186767646676,0.6266625713376246,0.8489405234112668,0.10575243435137363,-0.25393736706230097,0.2892339623591432
0.8326441476533978,0.992023228581445,0.3767060518006826,0.07694671122795227,3.0049093780137683,2.48691724451652,0.06991242768593256,1.2956214206621932
0.7870983074886834,0.9237453573751813,0.4941992058820347,0.7697902263664144,3.048116528635692,2.2903916563892044,0.4127898574883909,1.0117623396931665
0.23936944299295215,0.15200790252253704,0.4724670244775304,0.12340232816315366,1.1141504444799004,0.10022499040388509,-0.03239444375408332,0.6982556527286404
0.8764842308107038,0.5899605926495307,0.8224661575824719,0.6813744618340352,3.233908020494734,1.6023446727297332,0.6024247949905246,0.2087253725145027
0.05856803480519435,0.6962151061034566,0.1731905319120426,0.40214209915071075,0.9395790582277522,0.18208803781446925,-0.09734737139163462,-0.6455379882684047
0.3361170605456604,0.13654341430088612,0.8514859146296521,0.49226163606213835,1.7168005096284011,0.13463037538548422,-0.3909076778082737,0.43840804366093544
0.15027946689483906,0.31259564710117127,0.8890462941434096,0.6716937343607445,1.5476548955463647,0.14477017177191262,-0.6466108759409214,0.5379411069248535
0.450339366649287,0.7159178469254943,0.07551903556109762,0.3710027506956368,1.5423654767919293,0.9457257824081569,-0.02489876291492738,-0.11903079947461503
0.7963242702872942,0.9011080934228366,0.009390369621182337,0.04603747135147218,2.4987334680301303,2.241480695373961,0.04689860636879691,0.9767208308140006
0.23064220899374743,0.34174265020613526,0.29275297281953516,0.9642115517216056,1.172891261459345,0.16103923068998238,-0.3161190215874915,0.321845443506116
0.05202130106440961,0.2389437116912806,0.4007447677615643,0.522676899407916,0.7826339506400639,0.03530818085813367,-0.111814635992731,0.9753391422749564
0.4045518398215282,0.8217920027302146,0.9704494067485071,0.7421446410608609,2.5792790312933804,1.0665785496705624,-0.6635098519445976,-0.2146654159191807
0.19851304450925533,0.5849826802256783,0.07140859705348279,0.5312948337241725,1.0417778467640806,0.342996075343672,0.030666339022991526,-0.09390588365339989
0.0907530456191219,0.4765884217057704,0.7813052652283013,0.8196869026699722,1.3742473391104557,0.10120867734089553,-0.6509835129567821,0.07264021700673738
0.5803323859868507,0.25615002142789234,0.47542495358772874,0.5646161790877259,1.9025543714923339,0.45760059116475504,0.19898514886312513,-0.20547897141340918
0.2986961328189226,0.07265834864832099,0.12987352477313463,0.12275687838719596,0.7102655349980282,0.09145770390891568,-0.05087236002254475,0.6301483533301668
0.6719948779563594,0.017891420896975263,0.36608030867065855,0.6419065646558053,1.677196148281045,0.06444098329071021,0.2625727019091687,-0.6932275038841018
0.1995154439682133,0.5799701805640948,0.3809014070809107,0.1727406694369843,1.415860693604706,0.3612211899374835,-0.07974731571763699,-0.17347271813065596
0.9421131105064978,0.1911102734600748,0.24357250030214583,0.8236541350166275,2.3178807425814503,0.5776470385225424,0.2366877554681362,-1.1282048331974028
0.36511016824482856,0.9755329784268204,0.2943637575238798,0.6810616004728154,1.9819457699963694,1.1158160824453187,-0.19295710595148538,-0.43720813069662745
0.10549527957022953,0.10747722838614726,0.419918831202575,0.9398086381431077,0.7330910625766092,-0.021329124850867687,-0.424131032543203,1.2488325985004358
0.6291081515397092,0.4520887883271084,0.9622613949147543,0.6290807895415105,2.809661186945641,0.8342936346064995,0.6520509225112636,-0.09833677157401934
0.9271545530678674,0.39465979707096,0.458860568981583,0.22516309745477103,2.759588871726187,1.1412164496138115,0.1709057020086419,-0.38312004092483076
0.440377154715784,0.23231147528553098,0.9501350121123174,0.5571375458252831,2.0244187280996355,0.33134500070623285,-0.5659633494677923,0.09576378936523348
0.9545904936907372,0.7487557250039351,0.03053207158355553,0.771772276959897,2.771806271493483,2.155995296973234,0.04915918750738568,0.9135692655845087
0.499895813687647,0.6437047620803104,0.0661102585732195,0.7118882975250763,1.705166901133396,0.9989798920501618,-0.03923341046693579,-0.051388457431306836
0.42522862484907553,0.7257576850518699,0.027815906197269258,0.3422967060014851,1.6410166876153385,0.9734465138998083,0.004522689914795274,-0.07094348485866282
0.6202134520153778,0.08280857589649471,0.6659446382623543,0.6553511506038042,1.9598485955512723,0.11117462518638802,0.43122221164555996,-0.41903163736326066
0.9950965052353241,0.3527434156964051,0.22023269111379518,0.9352690613010743,2.5162763178649485,0.9916940000056029,0.14334275074264224,-0.595113746176591
0.9489436749377653,0.5198330743342318,0.5764201812930485,0.6848100430995354,3.0342362385655997,1.4221928507045287,0.46521451707237566,0.11738896390795411
0.4600451393090961,0.42672114373024106,0.7953661356054246,0.36730140225246877,2.1037332204855343,0.6818666704973562,-0.3443186902659999,-0.014000827134303808
0.7577288453082914,0.040617561872745234,0.33181391865850374,0.9107583303834285,1.8488232653729244,0.03960966610882291,0.2586709736478289,-0.947237402543094
0.49742269548761897,0.1940274549007932,0.2456774927090868,0.8276241927281727,1.4794420535430781,0.27781162271881465,-0.17051510695366054,0.09591936523679304
0.5293121601967704,0.9450246483046265,0.7254085871405749,0.8551837602671677,2.6709541043540117,1.4913651991457042,0.6293513832730651,0.1249142308914907
0.7857857007138075,0.1625697247533182,0.4758977932995704,0.10684137669330163,2.139076319393116,0.43478790350086294,0.011043723304224956,-0.7567708340687168
0.4146558493556708,0.8520523324627752,0.1492101460493006,0.290828833640688,1.8578268970409173,0.9730093958934485,-0.07627198156691012,-0.2641846259622234
0.7344835717887294,0.8221371590644401,0.08744511746968864,0.7901278026602023,2.280555338876947,1.809575300721996,0.06115794397783449,0.5545749708172277
0.7111428779897498,0.391293757078108,0.7371675011394206,0.2748074958846842,2.51316073136363,0.8955167229862778,0.18077504603724495,-0.09617993963928295
0.9320596866133782,0.4667835198442635,0.8604123348789248,0.0737059355578561,3.1730329223499183,1.3609552917765315,0.09574381231026782,-0.12281741298994539
0.1149326332809052,0.8240018076499193,0.8903620782835129,0.6832660124725859,1.8769638029983902,0.3045796924661184,-0.6665651027984144,-0.9032006154121013
0.7290151170763094,0.6806863255702125,0.5100890074847036,0.799269956479039,2.592936041137265,1.475644909614437,0.4258648527702565,0.29684446256119906
0.9274239286245599,0.8369437364290709,0.15345456636464716,0.6417678081403646,2.8785398064645857,2.4164891165620523,0.17500894159903518,1.2148901635875429
0.9679261899246464,0.7575965858321237,0.22565741227847802,0.34484333642500453,2.933729031265998,2.116295371647273,0.0878845645673405,0.954023673160177
0.014706304965369288,0.6912714794406046,0.4535238890209351,0.5597733189675487,1.1269224049772608,0.0795474113321391,-0.29828524299579356,-0.7217436557088918
0.8636400902455758,0.9129741060068781,0.8518573736056136,0.02151995144746044,3.5185859384053977,2.3908520123432555,-0.017819994768600005,1.2622269615099506
0.9811950400663443,0.8228071330945887,0.6501974188352687,0.5626616557530582,3.5113585541130794,2.4515546679912403,0.36802438005181504,1.2647422612891968
0.9572101796109636,0.17906268758299326,0.2742069569533242,0.8568011747150781,2.3035691132615472,0.5274923235408739,0.2037301384718399,-1.1337575991081643
0.1487640122324979,0.7482242750812449,0.7559386415571794,0.07805323501457007,1.8047537308455235,0.34418554300486465,0.0027266571541021134,-0.7756288692780811
0.972628813822955,0.0866813231145428,0.4354401753206102,0.383319396547832,2.5662116934576997,0.29946565723461704,0.07489348036343396,-1.5858056042878839
0.8899355557205206,0.4258562402940216,0.9827639451941653,0.16486371752648665,3.219049291381649,1.079301590156804,0.24397025835689345,-0.12905585941166037
0.8223738275430704,0.39675188715342524,0.4287271374848053,0.3800078966332565,2.5108959359294056,0.9165075067926395,0.06167020706913934,-0.27773273527495573
0.4799879238078322,0.20216809397548463,0.8371963489035462,0.013007673374885287,1.9893326569696874,0.29923739282962986,-0.012940420321347408,0.06361335988379413
0.23237291963930384,0.9379051086359893,0.01454163136101938,0.8277629198311454,1.3772943914687354,0.6564387848992022,-0.06618563346104928,-0.9457166139056035
0.8018805787183079,0.09477667836116699,0.7182212650931682,0.4962433103412679,2.473927685634819,0.2361817411967399,0.3974216600860652,-1.0097113079115445
0.9235301597834695,0.004899414988575601,0.39847844278491207,0.43591806556227874,2.2831244245485283,0.09309592169699425,0.13500226811821098,-1.752223182254879
0.2661302722922926,0.32292080366397835,0.4990093079898348,0.6017947156364513,1.3516144969766382,0.22885153654583945,-0.356954556992076,0.2742206197939577
0.5389344076221869,0.990744718241222,0.19882580036557884,0.8500282042549004,2.2441725476100083,1.6394051915474688,0.15200628893684498,0.23698335302624637
0.4427528289745315,0.2646951283884399,0.9295115137269889,0.2912607248243877,1.9923260386435364,0.37080593591628463,-0.29128063240892604,0.10381127398226753
0.931017315981155,0.830694265517731,0.19964501338118745,0.2675169724052795,2.900169222317179,2.438500356566789,-0.04334307707872395,1.0808392060954195
0.040510711188434634,0.17311363702046545,0.5615867040751434,0.04949420771216173,0.7811361252442907,-0.049070462918599414,-0.005069481791131099,1.1564029893729075
0.7320061956565608,0.5863783547983777,0.5973456235768031,0.26639909373329085,2.6411436562692496,1.260397410217353,0.039501058199178346,0.20399393885297568
0.6143732469489966,0.958409335179392,0.8584434272995116,0.06621184820476289,3.079148025589568,1.7436236637795348,0.11565599151258132,0.37208061601771636
0.028365365113521057,0.7165132345658071,0.4666665396856099,0.041558487173887326,1.2809106397636394,0.12700262335159396,-0.0358971991491744,-0.8481887141977562
0.7192197728267403,0.9805079751784863,0.8298912811609488,0.5527305622103671,3.2847888504452114,2.07460624094624,0.5063566133752881,0.7868631132711772
0.015991729523571974,0.5745566490890397,0.5238965642269047,0.18383488740355458,1.2431898889733521,0.11046161356042204,-0.12633837515182916,-0.3516447892735965
0.7579510023564281,0.9833347065534214,0.9563346594226189,0.07425772206542136,3.513827297147904,2.3158639951088236,0.03135988000044052,1.0798664382157421
0.512758723262078,0.8370470317200038,0.7166078337322687,0.9167147414133402,2.5418684031877934,1.3308901344298807,0.6895123720666056,0.027357840489824398
0.9291042207970062,0.7782482261019282,0.9121052609840152,0.1487338924706233,3.507646832502587,2.191089937108602,0.10645397793044041,0.9391045600877919
0.06608249672407474,0.8884898869115002,0.9423605323086545,0.09483079072396783,2.079422948897753,0.09833198067677794,-0.16674509847591104,-1.378652975557643
0.8413172796123832,0.6314915172616167,0.8022461563180587,0.9706780583272027,3.0832059248897963,1.6029616515464362,0.7743688975316486,0.39466525996720536
0.0666900087671014,0.35636454637657144,0.12236754659550675,0.6669669639016361,0.6099053433796228,-0.00023571877050504453,-0.15046859131882676,0.5009829835358814
0.34430997880412517,0.528282440056993,0.12442859823434937,0.7257540416698312,1.4285739502874106,0.527547427735269,-0.09094991917619699,-0.020609271658175693
0.4302987319478333,0.22650039568236358,0.6162417502970512,0.5632039958201955,1.789105403599861,0.3025435358082288,-0.27812284109448115,0.15934944639751497
0.9660620807840702,0.7775441238817054,0.2712066827619659,0.07038971412017925,2.978143366753678,2.2380241137073016,0.06722357963888786,1.0169562511432595
0.562231842228457,0.17007850161486648,0.38515232422627244,0.8418772404125445,1.6917916643749968,0.33441092896960134,0.32434356241523,-0.18829740464417638
0.25886459317093224,0.5771979489865907,0.17382817662362737,0.4180290042052578,1.1869998468480492,0.4417895293740482,-0.0809511559718909,-0.23566637677319063
0.24167571409434496,0.5358989295791143,0.7621716630603876,0.3924678243761738,1.7360045858020876,0.3111121584517238,-0.31496712421883655,-0.09877743413290438
0.8881183206591798,0.6719028034776905,0.8544977036455471,0.13530924400438926,3.2843741919361134,1.73718470711087,0.08374416849517398,0.6419269148211638
0.22586942841732438,0.76048659866525,0.1328046270642882,0.11321988583128051,1.3447470740897536,0.4516166005728357,0.002717569427045999,-0.6332305524467862
0.1245547058352835,0.10982788606390892,0.5168349367640347,0.5222459329102984,0.8596062106956567,0.025217221235306755,-0.27780919851456903,1.1721248650750902
0.2883307570075776,0.6249409616679835,0.39501292999758697,0.5687435895691126,1.6042301047595124,0.602948344539309,-0.243746029331078,-0.19478299894557244
0.5861230648127328,0.41395588246519277,0.7900153179807999,0.5186855427460793,2.485852405766229,0.7531745739906053,0.4232719109672878,0.0004181908824385447
0.5540905021732678,0.6142014356679537,0.4649923001754772,0.6131246779542143,2.210591783234918,1.0379450193533806,0.1841794177225651,0.182331533989238
0.8097107759127777,0.6939845431464953,0.7308090491481728,0.8776434630874401,3.0596505035079624,1.6215112190502372,0.7392137937433025,0.4607930303770822
0.5604759520061858,0.5854795857606219,0.5661038765794069,0.5042048449445539,2.2726266841469713,1.1028998772776255,0.3169390094388905,-0.002499489777047073
0.2884212144312105,0.7328860768587152,0.9782481140195477,0.37914767869986854,2.2793812394906956,0.6327265188725274,-0.4405886676881545,-0.3411814165107236
0.4128963426808927,0.520025257204648,0.4196330759479471,0.25657270258042775,1.827098248524868,0.7649952138960776,-0.10191406682494898,-0.003303740128045204
0.8181209709709104,0.4628678091292717,0.9876708696600728,0.30684664245492477,3.037217549195391,1.0926745119929284,0.2466092327637635,0.005818670756206179
0.6265064624197535,0.2867688654485352,0.4154385832931349,0.5608070533590342,1.9489413973278742,0.5105953182460632,0.2060174707223319,-0.17953407893443626
0.9590776426974422,0.22915166999670655,0.1826686513908088,0.795372341166364,2.2751867452281793,0.7893058049552207,0.10053412174369314,-1.0281631592130316
0.3694044110916809,0.6953021060918184,0.78208106043741,0.4411210299320396,2.2205484738087597,0.7167932961321738,-0.2903993611284618,-0.21387650429923433
0.5526115105212872,0.6957113528124577,0.2717190023531588,0.0407623273086144,2.0786058923198723,1.1743095957280951,-0.08496077444717769,0.1035253019806252
0.5939242016131683,0.19548251297659636,0.5657547308350559,0.1881545037427702,1.9951109724436422,0.3313951226229793,0.08872963046625885,-0.20377805180458622
0.84829120827506,0.9718374166111121,0.6460150798913267,0.09065223342495876,3.374317994093383,2.4325327921673088,-0.023890438370653168,1.2579888257849678
0.14547353818653175,0.671150780289396,0.19967725815300985,0.3333434140297783,1.1949283314804773,0.40095801582694796,-0.06758358000195933,-0.5816301734205388
0.40651033674812664,0.5312161232098263,0.03440693567802455,0.6843766580709426,1.459756696738622,0.5976279828556507,-0.039432704558514164,-0.1035359176294539
0.909958961662297,0.8411753515449676,0.9870333435599575,0.5907147319048698,3.7275517818281596,2.341176898483192,0.5127191410439763,1.1498011484641453
0.043066888568204176,0.48652043330315486,0.8173901430779064,0.6621275899582407,1.4058122879202262,0.11807439373585475,-0.4692298447531162,0.041612169783693406
0.8227062801815019,0.4759448701003268,0.12370525495947704,0.4545951309204591,2.263730028554074,1.1240984281813502,0.13440795244174567,-0.15384400632937037
0.41538403737122465,0.2582744000775369,0.8479694301231584,0.10978053695110701,1.8401978203580545,0.22698792461879658,-0.12129966448598448,0.1360887422274823
0.8298039852781027,0.15613548139069233,0.25813020175160895,0.2962559550393429,2.0898858139348846,0.2996535392407494,0.10256901904771001,-1.0041138724844976
0.009954560807291957,0.7116205788809175,0.24728474038832604,0.5109604789214502,0.9785598631899352,-0.018727562417814477,-0.13379306331194196,-0.8427885232054182
0.36504615775827065,0.8441109682390425,0.7726163503831625,0.4971649650726536,2.2623948735445714,0.9355516304694538,-0.3719457454560921,-0.41478075897170075
0.07863003716563988,0.677798778095959,0.7573620123571221,0.24366138788293934,1.5708515631922708,0.1766581358627223,-0.10793333085558131,-0.6272508061368618
0.6526145763366384,0.3688215166959502,0.8459573439320407,0.8253015581668586,2.5678792116398714,0.7126425648787755,0.6847378834003522,-0.16437573309941278
0.2738490985995572,0.5757220912190522,0.13665200788665877,0.43331333598704,1.1981335799889834,0.46771759794002865,0.030395236771692216,-0.1278654551262225
0.7026520706597863,0.5634124736739899,0.7475861752250856,0.8454561251606802,2.7809503484528837,1.2363511917067405,0.617641568257971,0.10578312125594677
0.9438014269420908,0.9365660834742939,0.46982387427320615,0.2654926303315115,3.3177327775685805,2.6902048669459706,0.12005707945616491,1.6145730898087503
0.12681710226124776,0.3876742119556893,0.3258834081273855,0.94193958587313,0.9557724200933931,0.1664288718019838,-0.2124966106169235,0.4553959231460258
0.8647782954007741,0.1647826520660035,0.7343028775489074,0.11185734640122513,2.6215257560575234,0.3966530269904285,0.09589803120351682,-0.9356418831081275
0.059464151600338466,0.8769328933290108,0.8451430809582015,0.7691824905147556,1.8825006327003666,0.1953168504842181,-0.7516663415381128,-1.3379012347386379
0.38077050831088943,0.8947284968868684,0.3224607575631726,0.02018645300971933,1.907160557096288,1.0311191575506355,0.004730804815189582,-0.33890783490623766
0.42977406117857664,0.04826559500189531,0.15481155666046198,0.23632066354151104,1.1646633710143577,0.024838144976949375,-0.10067783128467508,0.21742445682745826
0.48884954683346427,0.19822403083948237,0.991684718333888,0.8705533043101933,2.1269368663635753,0.2618603890898827,-0.9464445530726446,-0.014372348956744031
0.9764623219360445,0.6362836535994598,0.9191899892378982,0.3501049998112872,3.4701341246120925,1.9253534293328953,0.2746808678313945,0.4759099784782027
0.7756911881018284,0.7888451556348379,0.28984114981603737,0.9324794930587861,2.691107091513996,1.927969806137445,0.2865749474875055,0.6516744858228914
0.308857362719261,0.6066925067405504,0.8144143079996651,0.9294170006228567,2.078324156929324,0.5356580062187482,-0.8125988860259924,-0.10122260786979578
0.26983678550080015,0.19158919612655823,0.08969322221638654,0.8001925768935053,0.8872255741270356,0.051190030741808196,-0.14183477605685485,0.6790853639404485
0.8631202041893178,0.1176415752621991,0.9125459074536547,0.3961054492248157,2.8087269447877135,0.333989647234055,0.3424763300021382,-1.044522977419342
0.8813071727376899,0.5059726340651836,0.7746522352650038,0.8582685034359774,3.0620590112454726,1.2925887935217093,0.6850901470576374,0.053103634004409886
0.5107065055436453,0.8155104066590114,0.19686311476052654,0.45710433692881935,1.969967325175674,1.2860843180992112,0.05516806933612478,-0.0073922234525700195
0.34429573096232524,0.2170671810721262,0.2956872469976992,0.12617219508562783,1.1777038944925424,0.2054080474403953,-0.10262932827730509,0.3562631925286508
0.9949173481609178,0.07513269487278362,0.5955548548409993,0.8519583689191783,2.6704442142667046,0.3357323886201766,0.3987533120316262,-1.6550206355244994
0.3159435453677002,0.5510449957933047,0.355757664231393,0.8162467044218958,1.5378306222370812,0.5279095541512382,-0.3291961453977896,-0.08127394171742408
0.18271237892656245,0.19181714813525463,0.7362338159474545,0.13556544045230434,1.190836580901703,0.15028463741978326,-0.05759243945200866,0.8754039152441622
0.8800981213040697,0.06742372048426959,0.5923628693439936,0.8665265169784578,2.472203100404152,0.11726578262441326,0.5634026450176596,-1.3563689864951722
0.812335398111254,0.7732645980412682,0.20702865256798964,0.5189630531037512,2.691521169930339,1.7434860433640385,0.14693079419358218,0.6470947656936351
0.6678894055713512,0.8212266060779224,0.6101095098839756,0.743590758512176,2.8403196870391985,1.6522322052384062,0.4449072311194442,0.45044660108554
0.9584136317779519,0.3983355510982354,0.014059085148911854,0.2681760207996594,2.2783289184792075,1.1584088210880874,0.010237878697333735,-0.27249493164312155
0.9257145772144187,0.2940763601682844,0.11174781530304423,0.21546148382164965,2.2790516688870937,0.8527073020462603,0.08746252237600374,-0.7919546819424134
0.7482485033017541,0.2771208894369578,0.16120781710665166,0.8483128149076781,1.8285008089178718,0.5943752995818196,0.09332078575501333,-0.4849372554239612
0.8607014095476777,0.36097142582835084,0.3536777120194139,0.6002137980585972,2.5205528640422723,0.8674739198185,0.23048602162342158,-0.3367872707676547
0.24714674032210748,0.5769076431162621,0.011909738341017828,0.1477054656086515,0.9861170166125544,0.3477177615968615,-0.0953039532486035,-0.1895183363841472
0.1412465569010316,0.5278200781124773,0.9299075236636783,0.3658700862517067,1.7607461537405789,0.25131535182509607,-0.30611046278313453,0.023110348894770816
0.670061849314936,0.3553491811726963,0.23950895547226136,0.859035818221462,1.9931108197059848,0.7498323347720659,0.18319461959834787,-0.2378726693043386
0.7146185366547527,0.6374209792381814,0.2706385504450568,0.4682835817141465,2.4018626895392807,1.322750625828873,0.06895401800116005,0.2895610159222505
0.16705292878227218,0.67576744194746,0.37564232570525413,0.3368528956123934,1.402714150952904,0.31226506004487403,-0.08789450771503478,-0.47257891395605894
0.395557273104876,0.5582789479750343,0.9407387157284419,0.3409538648840309,2.218849707457891,0.6260846227661776,-0.3763102485819005,-0.02571655092253747
0.9102557662160548,0.38729491505187397,0.35181932914803804,0.8246442022339677,2.554566986979807,0.9628519148123377,0.24676168610997148,-0.4216975427581426
0.561400767550223,0.6239027819391343,0.4311328562045973,0.4542990275397899,2.16442124953493,1.0607342824078738,0.2727041583901548,-0.01944856792825605
0.5783359149262727,0.5919027832141105,0.29850727250244835,0.9483535027347262,2.0654998435214518,1.0692567188633293,0.23078916325200455,0.09637178722160541
0.19412977289079358,0.3403238573806664,0.9762450350517937,0.3122001509015734,1.7542157374148348,0.18703349389130558,-0.33758409859676963,0.36425604437259335
0.5260222486178752,0.30320101266424526,0.36485722486725036,0.7564803291690853,1.7532047788826608,0.4073478201620588,0.24184458886663723,-0.0869038699663339
0.5234347273949199,0.5457488790192866,0.0835374209896318,0.28570549269068624,1.782236582682235,0.8470756529741186,0.06310714763826566,-0.04668774235737967
0.08893564024627199,0.6123417390018507,0.6579823942390767,0.7678388019758179,1.4812479564895822,0.23159814835410708,-0.5970199981796691,-0.42168926819525
0.9819426931267062,0.6107984389218087,0.7166049207154763,0.017597976477304877,3.271847870475403,1.9058024953040498,0.07513058068766261,0.494849317388113
0.5713956004557744,0.3828380088978549,0.3722410241950189,0.12982098156158361,1.9793692116124317,0.6697107188775121,0.03615700193696932,-0.11305096962996611
0.006408882664310167,0.5657739072162552,0.21138515544988745,0.25925690652952893,0.7742504247475299,-0.028569115677159813,-0.07064637922839762,-0.2868469730868198
0.7726492012253886,0.9857696351964191,0.4092514511835781,0.870091964631436,2.954412664378494,2.1856835906584022,0.3112523283432282,1.1578918444313315
0.9782657138401457,0.42802451904395167,0.4390682105123638,0.32249837634659284,2.832663053554787,1.1788683302790894,0.13432621861226782,-0.2970030330440971
0.5898700283209505,0.8430147145899906,0.9952998033878611,0.48352554120081614,2.903393006704241,1.4873629632011909,0.5547725522149194,0.2463311183976512
0.319681636282665,0.08132369130695694,0.8584353255541872,0.10704452004473874,1.5929632870976884,0.08928134362678364,-0.08124817809107651,0.6223427603849031
0.1875077157277849,0.8752282537019719,0.6209088984199513,0.5666782860196686,1.8856245812525225,0.5051681479968836,-0.39848259992436974,-0.9528474274691521
0.6725266339168693,0.9417061555298863,0.19391794786825467,0.09599453394338342,2.470192118483261,1.8868185394795938,0.0012473048963835207,0.5752422776909712
0.19510739845680503,0.26186401585393726,0.687914521389034,0.14160233782312348,1.3329289853936215,0.07611371541009333,-0.07068765112218534,0.6447914391237927
0.5776878925178592,0.012101415672192695,0.7589990022820635,0.8009723951910761,1.8622560283138823,-0.05785027253801867,0.6122035024148741,-0.28723896713815966
0.6022391763796258,0.4830084134337993,0.0753887386943477,0.24391028624261135,1.7669986703292988,0.8800259854886124,0.005522559257221416,-0.0453723267605823
0.962423093124381,0.18271225766227794,0.37948651670215705,0.06125371109147981,2.56219123493329,0.4863110944141833,0.053473603114445545,-1.243034338725807
0.07226526552987678,0.9716312542852679,0.32684779754580884,0.6018248802352767,1.434146104490281,0.2758873488413532,-0.17865080235762676,-1.671748157737218
0.4999728236586185,0.8976984351175483,0.5704313226114667,0.1465001560206799,2.4419691174719733,1.2735288265236455,-0.137454078500082,-0.05131373380350327
0.7440974792826482,0.9606648859302717,0.653053218368288,0.05281672374379953,3.071526618123351,2.228839856351731,-0.06125368618985783,0.7917778996814804
0.1772267404746588,0.6038696577407527,0.18138778838836134,0.8305523165288154,1.2405653224877984,0.28774074422754414,-0.12562763767445906,-0.20951386342952588
0.3880667317845192,0.5151603669026421,0.4696594361137143,0.39718282095416035,1.6931910921415416,0.6109092498547017,-0.09366845365698767,-0.008470560656199631
0.06289549845497133,0.8327178493802309,0.9921678865358946,0.8654750760717376,1.992924221192911,0.16828070909256435,-0.8997331467888938,-1.136627064452178
0.7258808637757768,0.6523489656890211,0.01585263922737412,0.7440314680528893,2.1255339227252827,1.403382514599802,0.0047442765740544545,0.20435801207880852
0.08776788675948677,0.24855767636724513,0.3709936118290369,0.2009640299899489,0.8911318828881049,-0.03522799625358605,-0.0068523022084286955,0.8049654185394604
0.3950917083579676,0.9342860382578622,0.33431246385630486,0.0848112958859929,2.124345189874304,1.0832662315299961,0.05862822498143538,-0.37648662677940853
0.8735226311207321,0.43969944996553134,0.4055830200225494,0.17135725240697341,2.587911830931444,1.2283852711103882,0.07276138631781486,-0.17640947184335826
0.4723003367500115,0.773556228309299,0.8691937155246815,0.49458016446717656,2.5102771854551946,1.0320129376235845,-0.3673997070747853,-0.0709336212664445
0.9126219336408856,0.5009379569884868,0.43830503829947387,0.35774813957259866,2.8359688547333275,1.279395443457646,0.19433451055263612,-0.05915004504664831
0.7659171177388724,0.18335624310512755,0.8830780014959977,0.8319820431690634,2.671170663461088,0.4103633808673757,0.7069142534438576,-0.6190155001637797
0.9153239601117659,0.2959268470094133,0.5755398430302386,0.46924084305357583,2.6468695105372606,0.7919874472536553,0.1691262202584055,-0.6425375593120899
0.12740300904890633,0.5744107688028172,0.4246176949346334,0.5547497004438227,1.2910961566955197,0.15490289322339162,-0.28102791714798425,-0.21805882726262069
0.07356290533063203,0.14300208426428052,0.2523030876577458,0.3874522444574018,0.5023926551403205,-0.006069689377889299,-0.07929393102623788,1.2695089219538842
0.07032625356921807,0.013737858616478582,0.8236138553216305,0.7549003383649948,0.9391947057583148,-0.02115555776117832,-0.6007836363538502,1.7318777798660645
0.8688542943473193,0.43389122434993144,0.6442005180032749,0.688939791286174,2.7353346600760426,1.1103210374949004,0.41870314283406956,-0.12538072641417003
0.6340699793474432,0.7621971718592196,0.2122260698821593,0.6857723340752234,2.289208461811231,1.4579977261764294,0.10265376932525741,0.28937342505838987
0.496571693798853,0.614157273742888,0.13007049345508348,0.7715943884023879,1.750927576100643,0.9502525156603084,-0.1803769248492067,-0.018870680586925277
0.16354341619648027,0.32414637580737604,0.12543132865315298,0.39860612871710566,0.8013895233889057,0.17838976220036645,-0.13401438020310044,0.44934628048907344
0.6737334377272737,0.7172409392954933,0.9090719628493051,0.11908584123976218,3.0464035244356835,1.4667750478924646,0.1021515934389759,0.3464977707637837
0.318017387845798,0.4845146331098733,0.4033915375960583,0.8179334441482549,1.5573721782272019,0.5462593817604963,-0.40868412585602726,-0.01252870468603516
0.7108798632659449,0.9995013522570269,0.8203077943609558,0.34552248556107346,3.2707970109916795,2.1863413151300715,0.28267948854628333,0.7970019087502824
0.4603553288673248,0.7760316524447806,0.8953620927597769,0.691762616056458,2.62956809689254,0.9261089120433887,-0.6592770672008309,-0.05982562708331584
0.5074698605445271,0.830631441271759,0.2263330477942842,0.9884659093745672,2.018675617944829,1.2464031728168545,0.2024142747756417,0.04590837478358216
0.7896657324598704,0.2595489061387781,0.03257234981461099,0.701761735444785,1.8697294641423452,0.5360431216998616,0.12912641343532238,-0.5253760560029975
0.09274547552338075,0.15229496284881394,0.18033608654568278,0.9066857311312557,0.4578089227089457,0.007917183040828016,-0.16109502999751174,1.0903746944464177
0.5787585033235025,0.19930390910700002,0.7729787056611062,0.01335494863448805,2.0848039658847033,0.3846001896660262,-0.0068545550107590066,-0.1744221324410681
0.19723494729586855,0.43226496434626605,0.015413176121161998,0.6037174698534201,0.8375572099844645,0.24571396617827126,-0.01797199533759817,0.20982727329267203
0.8081367518135681,0.5121491196209004,0.5641320600178602,0.09732269218818412,2.7456490641746316,1.2202401147587592,-0.018780009802230255,0.005957148733232158
0.4888460361292599,0.19460934773223448,0.19126676558804678,0.8725046308244404,1.466478886273749,0.3512506011748866,-0.09992367552833918,0.013843612882005278
0.9886953333678197,0.7799447709885816,0.7666606823802343,0.9602477530312853,3.4697364619598288,2.2381943690024917,0.7785750185540765,1.0795639227152911
0.18294332467571872,0.8684311544172296,0.4793756964294549,0.03415357753568293,1.7223600210160461,0.4719303304171971,-0.042972151602954714,-0.8585475362139934
0.9630191401242673,0.31600498576024083,0.5490799390767672,0.13326135036890807,2.7875776832752357,0.9403944919275852,0.08463554258868797,-0.6365052754982231
0.800917036608609,0.50806419675629,0.2934082569002835,0.8327610351493956,2.429668307994936,1.2219585478478778,0.21076007744707267,-0.04761525984995375
0.4812604965752686,0.5943746025127589,0.45657850369813724,0.6868864269896168,2.0425945934768817,0.7999832885134024,-0.29380351556650697,-0.09018584122662711
0.8135340641796355,0.7223781739311237,0.045712602945798264,0.9816577765860093,2.4132799634509894,1.7619093769729166,-0.02227450375312652,0.5902905967353942
0.6028489052411163,0.1474724544653564,0.8095196470699202,0.7565091948524348,2.1143310848951353,0.30708643195146257,0.6257825915603608,-0.3007117316490515
0.6551210639913803,0.28087106140315643,0.907498923376134,0.5941900745245673,2.518345883909692,0.5698761444341108,0.6142903448313235,-0.2453034890708687
0.9136907627073889,0.7307059958584028,0.7526475197183664,0.5392432537065587,3.355351376645436,2.018802527299422,0.4281741611425892,0.7768122866766917
0.06527041641129139,0.5681923142926266,0.4956222724478515,0.00986735970751551,1.1686858779407359,0.1266308483434814,-0.0343949525972377,-0.1866816873799837
0.8349882039584006,0.8999457934389484,0.8437843494440268,0.7838147042162945,3.512614796979303,2.261091949761068,0.7088590792536531,0.9905312330534556
0.3818147799662388,0.4478583619887434,0.0038208757991569087,0.38400178640768756,1.2035631386230328,0.45093378569713427,0.09605992668447647,0.021905817395823795
0.3255456161007044,0.406612845033848,0.6659574069882108,0.10665319951510266,1.6919684743337382,0.38165797813292474,-0.034479786537183456,0.14288409223466508
0.9940267712099843,0.3065072175307022,0.7673859173155502,0.5468347971127406,3.076765629186618,0.93557102403425,0.42449502304638775,-0.753001439979679
0.7811905020763782,0.23137257265474553,0.3266562371922701,0.3699627401117499,2.1075303397927923,0.3865127084690536,0.08073972025197768,-0.6516908171982245
0.48553513877958776,0.6507663347633983,0.8565716909439779,0.6058579549524877,2.4100496625612777,0.985768666279682,-0.4971788214824737,-0.04380445987884033
0.4226283964247812,0.2646860018226955,0.00019000160734350402,0.016672126722240388,1.108824956953453,0.3524626846255073,0.0961101695121178,0.11636083021232563
0.8775289058717961,0.8622755206430474,0.6321202114386374,0.16497611157512027,3.329238665870197,2.215806097024073,0.0034407261457972127,1.0963898058034751
0.08681487221489415,0.2706483956521083,0.30102398098061556,0.5398309298185687,0.8454287369345039,0.03317141265389857,-0.11363758445894123,0.7931455881386165
0.708418756913866,0.6733596312251477,0.6286279237601524,0.6099074162239753,2.6904729957884963,1.4208697139093116,0.39079442644949547,0.2752777659092577
0.789154623705146,0.5681841419017319,0.25135865955029335,0.08221415927282527,2.443115779044408,1.3658271760517593,0.09633307477528344,0.15007337643573623
0.7991963797161148,0.6284587978789083,0.20977987008694876,0.6363778754449417,2.443257900140741,1.4880846558528416,0.12710251723095375,0.2027663829119513
0.3222867247398318,0.8954167756318381,0.626160386805535,0.8412211483671104,2.180344943399652,0.9240929750846331,-0.6349254846630981,-0.6152216542312238
0.7966391827460546,0.16998845146941277,0.4969348206161799,0.2867836259119313,2.323570198238389,0.42691466378794074,0.2420846392396025,-0.6905058456619781
0.22532844187566514,0.1498155458754621,0.18728068830903188,0.5213307786402108,0.8303566943502764,0.06194454026857421,-0.15560433176964708,0.6837502958116044
0.3623079504845691,0.12190222133530626,0.8861749299123011,0.9061192749231478,1.74040907300482,0.10893933596433009,-0.7629641738555077,0.4847080565551323
0.41744811220437983,0.07643902091821697,0.8823866619873597,0.7029596852457668,1.7472846930300578,0.10710695611796463,-0.6266607643717427,0.264831477815885
0.5414099836301646,0.5342310236037406,0.5495684050294842,0.2067223279584668,2.1104203538152615,0.9041327308121981,0.11162874527946694,-0.08682003840827776
0.11261366554055718,0.16573115195227217,0.706096027537059,0.9664926749985038,1.0938536050480798,0.08999155132231942,-0.6755554456283818,1.1088136992943407
0.40694780063930613,0.8071679300934899,0.4513867350535361,0.3420750439623803,2.0886309327989823,0.980545954110827,-0.18170144063202623,-0.1644577671099469
0.0003006901069229073,0.022610530546880114,0.8014433643708679,0.8242024408289295,0.8498138697445476,0.007495148665653288,-0.6512223842471357,1.883247096371158
0.744380726347399,0.3746069717348577,0.8338562462810244,0.4525174757234932,2.736323138379463,0.8352955770749483,0.39271827467134385,-0.20178526508232816
0.851875912234257,0.47320397138856884,0.7641596992838674,0.7897675622034946,2.990094751580855,1.2504326906617633,0.6435885709238649,-0.093225742899416
0.13893167912019755,0.2165283006768245,0.2431488392814517,0.920922674130749,0.6173866633609427,0.04093569535491167,-0.21767020377346422,0.8213675176301833
0.7037857692667978,0.3559062195172905,0.02448846019798312,0.9027233339116116,1.8331382349003507,0.7815873321088511,0.03804091235554982,-0.22660062022708335
0.8211030883946387,0.22279143552845215,0.6582530782913107,0.8046024606542672,2.4708783017800138,0.4561840541874991,0.596041272598722,-0.7236507371124423
0.9818283228717938,0.28182810633472577,0.4112576944834281,0.3229723309001037,2.71244587529959,0.85267209890073,0.08772376570799298,-0.8147525498903321
0.8437905623687267,0.9268710607285915,0.8942608451139047,0.9126296644637996,3.5255452469770647,2.359065801509467,0.8196361698645583,1.193321386489352
0.42410648544401286,0.4171753663098261,0.8598475275467088,0.15333977409208044,2.156763855633912,0.5307616276628944,-0.1079331999156874,0.024142575913432572
0.9796887085096565,0.38586494126072,0.533752093995238,0.26019497662267865,2.851948164865067,1.027452111372055,0.19065143374164675,-0.4231947333540237
0.9739844048523552,0.6111744524341742,0.3774441506555125,0.6463532240715741,2.950719978862699,1.864159359450087,0.24078313653690497,0.39553027695469173
0.503676979200579,0.6641418567485056,0.7129895409253554,0.7481811202419492,2.291124727105504,1.0484594497562032,0.5384127577597984,0.01151930236183435
0.7534465385839052,0.6602765449276847,0.709369695512404,0.05033628319554151,2.931301648443128,1.493721648505985,0.018459687277228503,0.30012880426374183
0.9138376676731629,0.08475896722401388,0.6822828931380144,0.26886417202219004,2.578175258776313,0.2553031773037141,0.2454542265254242,-1.3698745105063768
0.47614707196875306,0.5819025790346892,0.8424240543403356,0.3690332136597736,2.247166762571016,0.7842445199763599,-0.32694105856752076,0.06440336392264229
0.8637862410970849,0.7359235998979756,0.5773185852448267,0.8472465243609197,3.0938888450199338,1.9326556979439582,0.5233957947901537,0.6539115055919763
0.7015685660618728,0.7955683661434495,0.5160434798402053,0.0019173575277701138,2.7985876644400194,1.752441630874396,-0.0041043151058792245,0.4034619814651013
0.2939242559745576,0.5885342519393526,0.5169081336074016,0.889995580142049,1.6494844216756688,0.4600491968648753,-0.4585037185627207,-0.0662508215501166
0.7676522699834736,0.1305730582345579,0.8889806580193464,0.33473055846829436,2.615493750510489,0.43534198781056743,0.2364160813548728,-0.7764014561989152
0.5706847858594991,0.08374032389677899,0.3667511334276281,0.6165735537428427,1.554373256487786,0.12152153842272867,0.22896465362007223,-0.2679165177654803
0.09384515343330624,0.3230536931058179,0.8419158598104048,0.9357607872283482,1.2393338282861996,0.13232146383723442,-0.7893141519935482,0.5624583044042183
0.3913804263046642,0.9275588094659627,0.5048895637581793,0.061598544897392804,2.197314602119504,1.047779547723212,-0.10528048672373161,-0.4172175979846954
0.07374101339780592,0.4726175288334824,0.08533895076932674,0.5452534544692407,0.7217453289980678,0.12407416821741395,-0.08355337746293776,0.14026838748203463
0.4761669632169956,0.8954739071476481,0.4489819873125963,0.22221749204972863,2.3034673773631256,1.2154883035701565,-0.12246426549051659,-0.03973580299319306
0.4285396081429238,0.4596749532770249,0.291196397645873,0.7022474860130695,1.6131304646834776,0.558017072371397,-0.2809271676096248,0.054481766999043404
0.42373744297044735,0.755118106560127,0.5278850446638402,0.8178183296912478,2.145299180052978,0.9484865828448568,-0.492572253889897,-0.14463750182051954
0.5863003535907844,0.48512717568964037,0.8533098553353946,0.2462494439205265,2.5218655213877477,0.8204996234093482,0.28360524264570397,-0.11277032218669815
0.12269066017607344,0.7087022614323838,0.17945552722045732,0.8598945712694445,1.122737193832095,0.24878194662061046,-0.20581195482874484,-0.689311419610372
0.9337689099568427,0.3171792766671796,0.4752246242920236,0.1774134705314514,2.6298726522152234,0.9373140854905251,0.041477350679730976,-0.6201955516624685
0.684050448075033,0.8898652636367038,0.5825022517351911,0.48007226916250967,2.827178369144625,1.762283935921283,0.20985512221810182,0.4412915659795477
0.8237813583927717,0.26570806873658315,0.7698203115008191,0.13128261119878604,2.665507468715044,0.5968684027248481,0.1624331165549865,-0.6108376588533522
